Name,Skills,Experience
Gulcan,[Java, Spring Boot, Docker, Remote],5
Lala,[Java, Spring Boot, Remote],3
Leyla,[Java, Docker],7
Gulcan,[Java, Spring Boot, Docker, Remote],5
Lala,[Java, Spring Boot, Remote],3
Leyla,[Java, Docker],7
Gulcan,[Java, Spring Boot, Docker, Remote],5
Lala,[Java, Spring Boot, Remote],3
Leyla,[Java, Docker],7
Gulcan,[Java, Spring Boot, Docker, Remote],5
Lala,[Java, Spring Boot, Remote],3
Leyla,[Java, Docker],7
Gulcan,[Java, Spring Boot, Docker, Remote],5
Lala,[Java, Spring Boot, Remote],3
Leyla,[Java, Docker],7
Gulcan,[Java, Spring Boot, Docker, Remote],5
Lala,[Java, Spring Boot, Remote],3
Leyla,[Java, Docker],7
Gulcan,[Java, Spring Boot, Docker, Remote],5
Lala,[Java, Spring Boot, Remote],3
Leyla,[Java, Docker],7
Gulcan,[Java, Spring Boot, Docker, Remote],5
Lala,[Java, Spring Boot, Remote],3
Leyla,[Java, Docker],7
Gulcan,[Java, Spring Boot, Docker, Remote],5
Lala,[Java, Spring Boot, Remote],3
Leyla,[Java, Docker],7
Gulcan,[Java, Spring Boot, Docker, Remote],5
Lala,[Java, Spring Boot, Remote],3
Leyla,[Java, Docker],7
Gulcan,[Java, Spring Boot, Docker, Remote],5
Lala,[Java, Spring Boot, Remote],3
Leyla,[Java, Docker],7
Gulcan,[Java, Spring Boot, Docker, Remote],5
Lala,[Java, Spring Boot, Remote],3
Leyla,[Java, Docker],7
###@@@###$$$%%%<<<>>>???   ,[],0
Gulcan,[Java, Spring Boot, Docker, Remote],5
Lala,[Java, Spring Boot, Remote],3
Leyla,[Java, Docker],7
###@@@###$$$%%%<<<>>>???   ,[],0
Gulcan,[Java, Spring Boot, Docker, Remote],5
Lala,[Java, Spring Boot, Remote],3
Leyla,[Java, Docker],7
###@@@###$$$%%%<<<>>>???   ,[],0
Gulcan,[Java, Spring Boot, Docker, Remote],5
Lala,[Java, Spring Boot, Remote],3
Leyla,[Java, Docker],7
Gulcan,[Java, Spring Boot, Docker, Remote],5
Lala,[Java, Spring Boot, Remote],3
Leyla,[Java, Docker],7
Gulcan,[Java, Spring Boot, Docker, Remote],5
Lala,[Java, Spring Boot, Remote],3
Leyla,[Java, Docker],7
Gulcan,[Java, Spring Boot, Docker, Remote],5
Lala,[Java, Spring Boot, Remote],3
Leyla,[Java, Docker],7
Gulcan,[Java, Spring Boot, Docker, Remote],5
Lala,[Java, Spring Boot, Remote],3
Leyla,[Java, Docker],7
Gulcan,[Java, Spring Boot, Docker, Remote],5
Lala,[Java, Spring Boot, Remote],3
Leyla,[Java, Docker],7
Gulcan,[Java, Spring Boot, Docker, Remote],5
Lala,[Java, Spring Boot, Remote],3
Leyla,[Java, Docker],7
Gulcan,[Java, Spring Boot, Docker, Remote],5
Lala,[Java, Spring Boot, Remote],3
Leyla,[Java, Docker],7
Gulcan,[Java, Spring Boot, Docker, Remote],5
Lala,[Java, Spring Boot, Remote],3
Leyla,[Java, Docker],7
Gulcan,[Java, Spring Boot, Docker, Remote],5
Lala,[Java, Spring Boot, Remote],3
Leyla,[Java, Docker],7
Gulcan,[Java, Spring Boot, Docker, Remote],5
Lala,[Java, Spring Boot, Remote],3
Leyla,[Java, Docker],7
Gulcan,[Java, Spring Boot, Docker, Remote],5
Lala,[Java, Spring Boot, Remote],3
Leyla,[Java, Docker],7
Gulcan,[Java, Spring Boot, Docker, Remote],5
Lala,[Java, Spring Boot, Remote],3
Leyla,[Java, Docker],7
Gulcan,[Java, Spring Boot, Docker, Remote],5
Lala,[Java, Spring Boot, Remote],3
Leyla,[Java, Docker],7
Gulcan,[Java, Spring Boot, Docker, Remote],5
Lala,[Java, Spring Boot, Remote],3
Leyla,[Java, Docker],7
Gulcan,[Java, Spring Boot, Docker, Remote],5
Lala,[Java, Spring Boot, Remote],3
Leyla,[Java, Docker],7
Gulcan,[Java, Spring Boot, Docker, Remote],5
Lala,[Java, Spring Boot, Remote],3
Leyla,[Java, Docker],7
